<?xml version="1.0" encoding="UTF-8"?>
<metadata xml:lang="en"><Esri><CreaDate>20160310</CreaDate><CreaTime>15185100</CreaTime><ArcGISFormat>1.0</ArcGISFormat><SyncOnce>TRUE</SyncOnce><DataProperties><itemProps><itemLocation><linkage Sync="TRUE">file://\\Onelondon.tfl.local\Shared\5026d\Air Quality Strategy\LAEI\LAEI 2013\GIS\SHP_ToPublish\LAEI2013_NonTransport\LAEI2013_PM25_NT_grid</linkage><protocol Sync="TRUE">Local Area Network</protocol></itemLocation></itemProps><copyHistory><copy source="\\Onelondon.tfl.local\Shared\5026d\Air Quality Strategy\LAEI\LAEI 2013\GIS\SHP\LAEI2013_NonTransport\LAEI2013_PM25_NT_grid" dest="\\Onelondon.tfl.local\Shared\5026d\Air Quality Strategy\LAEI\LAEI 2013\GIS\SHP_ToPublish\LAEI2013_NonTransport\LAEI2013_PM25_NT_grid" date="20160310" time="15185100"></copy></copyHistory></DataProperties></Esri></metadata>
